intent, user_input, entity_name, entity_value, action, bot_reply 
greet,,,utter_greet,Hi! I am a chatbot personalised for individuals with Coeliac Disease. \nKindly note that this chat conversation is being recorded for research, testing, and evaluation purposes.utter_coeliac_disease_information,What would you like to ask about? specific_food_facts,,,utter_food_facts,Would you like to search via product name or barcode? specific_food_facts_product_name,,,utter_ask_product_name,Please provide the product name: product_name,,,utter_product,Product Name: Nutella Frelitta 
Brand: M Classic 
Allergens:  
Nutrition Grade: e 
Barcode: 7613312341209
------------------------utter_nutri_score,Regarding the Nutrition Grade, kindly see the following image that explains this score. \nFor further information kindly see the following [website] (https://www.baynsolutions.com/en/nutri-score-everything-you-need-to-know/1120217).utter_did_that_help,Did that help you?affirm,,,utter_feedback,Kindly write feedback for this bot.bot_feedback,,,greet,,,utter_greet,Hi! I am a chatbot personalised for individuals with Coeliac Disease. \nKindly note that this chat conversation is being recorded for research, testing, and evaluation purposes.utter_coeliac_disease_information,What would you like to ask about? specific_food_facts,,,utter_food_facts,Would you like to search via product name or barcode? specific_food_facts_product_name,,,utter_ask_product_name,Please provide the product name: product_name,,,utter_product,Product Name: Nutella Frelitta 
Brand: M Classic 
Allergens:  
Nutrition Grade: e 
Barcode: 7613312341209
------------------------utter_nutri_score,Regarding the Nutrition Grade, kindly see the following image that explains this score. \nFor further information kindly see the following [website] (https://www.baynsolutions.com/en/nutri-score-everything-you-need-to-know/1120217).utter_did_that_help,Did that help you?affirm,,,utter_feedback,Kindly write feedback for this bot.bot_feedback,,,greet,,,utter_greet,Hi! I am a chatbot personalised for individuals with Coeliac Disease. Kindly note that this chat conversation is being recorded for research, testing, and evaluation purposes.utter_coeliac_disease_information,What would you like to ask about? specific_food_facts,,,utter_food_facts,Would you like to search using the product name or barcode? specific_food_facts_product_name,,,utter_ask_product_name,Please provide the product name: product_name,,,utter_nutri_score,Regarding the Nutrition Grade, kindly see the following image that explains this score. For further information kindly see the following website: https://www.baynsolutions.com/en/nutri-score-everything-you-need-to-know/1120217.utter_did_that_help,Was this response useful?deny,,,utter_feedback,Kindly write feedback for this chatbot.deny,,,